"playerId","player","team","position","passAtt","passComp","passInc","passCompPct","passYds","passTds","passInt","rushAtt","rushYds","rushTds","fumbles","twoPts","regTds","pass300","pass350","pass400","returnTds","dataScrapeId","pass40","rush40","sacks","games","rec","recYds","recTds","returnYds","rush100","rush150","rush200","rec40","rec100","rec150","rec200"
184,"Donnie Avery","STL","WR",NA,NA,NA,NA,NA,NA,NA,0,0,0,NA,NA,NA,NA,NA,NA,NA,7,NA,NA,NA,NA,56,831,6,NA,NA,NA,NA,NA,NA,NA,NA
202,"Keenan Burton","STL","WR",NA,NA,NA,NA,NA,NA,NA,0,0,0,NA,NA,NA,NA,NA,NA,NA,7,NA,NA,NA,NA,30,451,3,NA,NA,NA,NA,NA,NA,NA,NA
206,"Andre Caldwell","CIN","WR",NA,NA,NA,NA,NA,NA,NA,0,0,0,NA,NA,NA,NA,NA,NA,NA,7,NA,NA,NA,NA,11,145,0,NA,NA,NA,NA,NA,NA,NA,NA
220,"Early Doucet","ARI","WR",NA,NA,NA,NA,NA,NA,NA,0,0,0,NA,NA,NA,NA,NA,NA,NA,7,NA,NA,NA,NA,8,115,0,NA,NA,NA,NA,NA,NA,NA,NA
234,"Matt Forte","CHI","RB",NA,NA,NA,NA,NA,NA,NA,254,1195,10,NA,NA,NA,NA,NA,NA,NA,7,NA,NA,NA,NA,67,424,3,NA,NA,NA,NA,NA,NA,NA,NA
248,"Lavelle Hawkins","TEN","WR",NA,NA,NA,NA,NA,NA,NA,0,0,0,NA,NA,NA,NA,NA,NA,NA,7,NA,NA,NA,NA,8,109,0,NA,NA,NA,NA,NA,NA,NA,NA
252,"Chad Henne","MIA","QB",38,23,NA,NA,245,2,3,2,8,0,NA,NA,NA,NA,NA,NA,NA,7,NA,NA,NA,NA,NA,NA,NA,NA,NA,NA,NA,NA,NA,NA,NA
262,"Chris Johnson","TEN","RB",NA,NA,NA,NA,NA,NA,NA,279,1311,8,NA,NA,NA,NA,NA,NA,NA,7,NA,NA,NA,NA,38,295,1,NA,NA,NA,NA,NA,NA,NA,NA
284,"Darren McFadden","OAK","RB",NA,NA,NA,NA,NA,NA,NA,213,957,6,NA,NA,NA,NA,NA,NA,NA,7,NA,NA,NA,NA,46,333,1,NA,NA,NA,NA,NA,NA,NA,NA
310,"Matt Ryan","ATL","QB",559,324,NA,NA,3575,20,12,38,126,0,NA,NA,NA,NA,NA,NA,NA,7,NA,NA,NA,NA,NA,NA,NA,NA,NA,NA,NA,NA,NA,NA,NA
322,"Limas Sweed","PIT","WR",NA,NA,NA,NA,NA,NA,NA,0,0,0,NA,NA,NA,NA,NA,NA,NA,7,NA,NA,NA,NA,15,185,1,NA,NA,NA,NA,NA,NA,NA,NA
324,"Jacob Tamme","IND","TE",NA,NA,NA,NA,NA,NA,NA,NA,NA,NA,NA,NA,NA,NA,NA,NA,NA,7,NA,NA,NA,NA,12,125,1,NA,NA,NA,NA,NA,NA,NA,NA
367,"Matt Flynn","GB","QB",36,21,NA,NA,235,0,1,1,3,0,NA,NA,NA,NA,NA,NA,NA,7,NA,NA,NA,NA,NA,NA,NA,NA,NA,NA,NA,NA,NA,NA,NA
371,"Kevin OConnell","NYJ","QB",12,8,NA,NA,92,0,0,0,0,0,NA,NA,NA,NA,NA,NA,NA,7,NA,NA,NA,NA,NA,NA,NA,NA,NA,NA,NA,NA,NA,NA,NA
382,"Joe Flacco","BAL","QB",474,280,NA,NA,3130,18,10,52,165,1,NA,NA,NA,NA,NA,NA,NA,7,NA,NA,NA,NA,NA,NA,NA,NA,NA,NA,NA,NA,NA,NA,NA
733,"Earl Bennett","CHI","WR",NA,NA,NA,NA,NA,NA,NA,0,0,0,NA,NA,NA,NA,NA,NA,NA,7,NA,NA,NA,NA,52,621,3,NA,NA,NA,NA,NA,NA,NA,NA
735,"Davone Bess","MIA","WR",NA,NA,NA,NA,NA,NA,NA,0,0,0,NA,NA,NA,NA,NA,NA,NA,7,NA,NA,NA,NA,41,515,3,NA,NA,NA,NA,NA,NA,NA,NA
832,"Josh Morgan","SF","WR",NA,NA,NA,NA,NA,NA,NA,0,0,0,NA,NA,NA,NA,NA,NA,NA,7,NA,NA,NA,NA,62,795,4,NA,NA,NA,NA,NA,NA,NA,NA
925,"Jamaal Charles","KC","RB",NA,NA,NA,NA,NA,NA,NA,72,309,1,NA,NA,NA,NA,NA,NA,NA,7,NA,NA,NA,NA,29,245,1,NA,NA,NA,NA,NA,NA,NA,NA
929,"BenJarvus Green-Ellis","NE","RB",NA,NA,NA,NA,NA,NA,NA,23,95,0,NA,NA,NA,NA,NA,NA,NA,7,NA,NA,NA,NA,3,19,0,NA,NA,NA,NA,NA,NA,NA,NA
931,"Felix Jones","DAL","RB",NA,NA,NA,NA,NA,NA,NA,122,511,4,NA,NA,NA,NA,NA,NA,NA,7,NA,NA,NA,NA,17,115,0,NA,NA,NA,NA,NA,NA,NA,NA
935,"Kregg Lumpkin","GB","RB",NA,NA,NA,NA,NA,NA,NA,16,78,0,NA,NA,NA,NA,NA,NA,NA,7,NA,NA,NA,NA,3,22,0,NA,NA,NA,NA,NA,NA,NA,NA
939,"Rashard Mendenhall","PIT","RB",NA,NA,NA,NA,NA,NA,NA,116,462,6,NA,NA,NA,NA,NA,NA,NA,7,NA,NA,NA,NA,18,119,0,NA,NA,NA,NA,NA,NA,NA,NA
941,"Ray Rice","BAL","RB",NA,NA,NA,NA,NA,NA,NA,206,987,7,NA,NA,NA,NA,NA,NA,NA,7,NA,NA,NA,NA,41,275,1,NA,NA,NA,NA,NA,NA,NA,NA
945,"Steve Slaton","HOU","RB",NA,NA,NA,NA,NA,NA,NA,248,1165,8,NA,NA,NA,NA,NA,NA,NA,7,NA,NA,NA,NA,51,389,1,NA,NA,NA,NA,NA,NA,NA,NA
949,"Jonathan Stewart","CAR","RB",NA,NA,NA,NA,NA,NA,NA,177,725,6,NA,NA,NA,NA,NA,NA,NA,7,NA,NA,NA,NA,10,69,0,NA,NA,NA,NA,NA,NA,NA,NA
1024,"James Hardy","BUF","WR",NA,NA,NA,NA,NA,NA,NA,0,0,0,NA,NA,NA,NA,NA,NA,NA,7,NA,NA,NA,NA,18,211,0,NA,NA,NA,NA,NA,NA,NA,NA
1028,"Malcolm Kelly","WAS","WR",NA,NA,NA,NA,NA,NA,NA,0,0,0,NA,NA,NA,NA,NA,NA,NA,7,NA,NA,NA,NA,37,435,2,NA,NA,NA,NA,NA,NA,NA,NA
1032,"Jordy Nelson","GB","WR",NA,NA,NA,NA,NA,NA,NA,0,0,0,NA,NA,NA,NA,NA,NA,NA,7,NA,NA,NA,NA,25,295,1,NA,NA,NA,NA,NA,NA,NA,NA
1036,"Devin Thomas","WAS","WR",NA,NA,NA,NA,NA,NA,NA,0,0,0,NA,NA,NA,NA,NA,NA,NA,7,NA,NA,NA,NA,13,165,0,NA,NA,NA,NA,NA,NA,NA,NA
1062,"Martellus Bennett","DAL","TE",NA,NA,NA,NA,NA,NA,NA,NA,NA,NA,NA,NA,NA,NA,NA,NA,NA,7,NA,NA,NA,NA,13,145,1,NA,NA,NA,NA,NA,NA,NA,NA
1072,"Jermichael Finley","GB","TE",NA,NA,NA,NA,NA,NA,NA,NA,NA,NA,NA,NA,NA,NA,NA,NA,NA,7,NA,NA,NA,NA,27,284,2,NA,NA,NA,NA,NA,NA,NA,NA
1074,"Dustin Keller","NYJ","TE",NA,NA,NA,NA,NA,NA,NA,NA,NA,NA,NA,NA,NA,NA,NA,NA,NA,7,NA,NA,NA,NA,62,711,6,NA,NA,NA,NA,NA,NA,NA,NA
1365,"Jacob Hester","SD","RB",NA,NA,NA,NA,NA,NA,NA,29,115,0,NA,NA,NA,NA,NA,NA,NA,7,NA,NA,NA,NA,3,22,0,NA,NA,NA,NA,NA,NA,NA,NA
1581,"DeSean Jackson","PHI","WR",NA,NA,NA,NA,NA,NA,NA,0,0,0,NA,NA,NA,NA,NA,NA,NA,7,NA,NA,NA,NA,73,967,7,NA,NA,NA,NA,NA,NA,NA,NA
1966,"John Carlson","SEA","TE",NA,NA,NA,NA,NA,NA,NA,NA,NA,NA,NA,NA,NA,NA,NA,NA,NA,7,NA,NA,NA,NA,70,715,5,NA,NA,NA,NA,NA,NA,NA,NA
1970,"Tashard Choice","DAL","RB",NA,NA,NA,NA,NA,NA,NA,46,195,1,NA,NA,NA,NA,NA,NA,NA,7,NA,NA,NA,NA,7,45,0,NA,NA,NA,NA,NA,NA,NA,NA
1972,"Brad Cottam","KC","TE",NA,NA,NA,NA,NA,NA,NA,NA,NA,NA,NA,NA,NA,NA,NA,NA,NA,7,NA,NA,NA,NA,19,195,1,NA,NA,NA,NA,NA,NA,NA,NA
1980,"Peyton Hillis","DEN","RB",NA,NA,NA,NA,NA,NA,NA,79,362,3,NA,NA,NA,NA,NA,NA,NA,7,NA,NA,NA,NA,10,75,0,NA,NA,NA,NA,NA,NA,NA,NA
1990,"Eddie Royal","DEN","WR",NA,NA,NA,NA,NA,NA,NA,0,0,0,NA,NA,NA,NA,NA,NA,NA,7,NA,NA,NA,NA,70,966,6,NA,NA,NA,NA,NA,NA,NA,NA
2346,"Pierre Garcon","IND","WR",NA,NA,NA,NA,NA,NA,NA,0,0,0,NA,NA,NA,NA,NA,NA,NA,7,NA,NA,NA,NA,24,345,1,NA,NA,NA,NA,NA,NA,NA,NA
2641,"Xavier Omon","BUF","RB",NA,NA,NA,NA,NA,NA,NA,69,242,2,NA,NA,NA,NA,NA,NA,NA,7,NA,NA,NA,NA,5,29,0,NA,NA,NA,NA,NA,NA,NA,NA
4383,"Tim Hightower","ARI","RB",NA,NA,NA,NA,NA,NA,NA,141,565,5,NA,NA,NA,NA,NA,NA,NA,7,NA,NA,NA,NA,23,146,0,NA,NA,NA,NA,NA,NA,NA,NA
4505,"Chaz Schilens","OAK","WR",NA,NA,NA,NA,NA,NA,NA,0,0,0,NA,NA,NA,NA,NA,NA,NA,7,NA,NA,NA,NA,45,595,3,NA,NA,NA,NA,NA,NA,NA,NA
71217,"Kenny Britt","TEN","WR",NA,NA,NA,NA,NA,NA,NA,0,0,0,NA,NA,NA,NA,NA,NA,NA,7,NA,NA,NA,NA,18,245,1,NA,NA,NA,NA,NA,NA,NA,NA
71233,"Deon Butler","SEA","WR",NA,NA,NA,NA,NA,NA,NA,0,0,0,NA,NA,NA,NA,NA,NA,NA,7,NA,NA,NA,NA,12,144,0,NA,NA,NA,NA,NA,NA,NA,NA
71255,"Chase Coffman","CIN","TE",NA,NA,NA,NA,NA,NA,NA,NA,NA,NA,NA,NA,NA,NA,NA,NA,NA,7,NA,NA,NA,NA,38,395,2,NA,NA,NA,NA,NA,NA,NA,NA
71265,"Jared Cook","TEN","TE",NA,NA,NA,NA,NA,NA,NA,NA,NA,NA,NA,NA,NA,NA,NA,NA,NA,7,NA,NA,NA,NA,14,145,1,NA,NA,NA,NA,NA,NA,NA,NA
71269,"Michael Crabtree","SF","WR",NA,NA,NA,NA,NA,NA,NA,0,0,0,NA,NA,NA,NA,NA,NA,NA,7,NA,NA,NA,NA,37,477,3,NA,NA,NA,NA,NA,NA,NA,NA
71345,"Rashad Jennings","JAC","RB",NA,NA,NA,NA,NA,NA,NA,80,329,2,NA,NA,NA,NA,NA,NA,NA,7,NA,NA,NA,NA,16,90,0,NA,NA,NA,NA,NA,NA,NA,NA
71431,"Brandon Pettigrew","DET","TE",NA,NA,NA,NA,NA,NA,NA,NA,NA,NA,NA,NA,NA,NA,NA,NA,NA,7,NA,NA,NA,NA,24,256,2,NA,NA,NA,NA,NA,NA,NA,NA
79549,"Glen Coffee","SF","RB",NA,NA,NA,NA,NA,NA,NA,51,215,1,NA,NA,NA,NA,NA,NA,NA,7,NA,NA,NA,NA,25,156,0,NA,NA,NA,NA,NA,NA,NA,NA
79557,"Josh Freeman","TB","QB",51,32,NA,NA,355,2,2,9,20,0,NA,NA,NA,NA,NA,NA,NA,7,NA,NA,NA,NA,NA,NA,NA,NA,NA,NA,NA,NA,NA,NA,NA
79563,"Shonn Greene","NYJ","RB",NA,NA,NA,NA,NA,NA,NA,40,197,0,NA,NA,NA,NA,NA,NA,NA,7,NA,NA,NA,NA,5,34,0,NA,NA,NA,NA,NA,NA,NA,NA
79607,"LeSean McCoy","PHI","RB",NA,NA,NA,NA,NA,NA,NA,109,502,2,NA,NA,NA,NA,NA,NA,NA,7,NA,NA,NA,NA,20,183,1,NA,NA,NA,NA,NA,NA,NA,NA
79619,"Knowshon Moreno","DEN","RB",NA,NA,NA,NA,NA,NA,NA,212,975,8,NA,NA,NA,NA,NA,NA,NA,7,NA,NA,NA,NA,29,215,1,NA,NA,NA,NA,NA,NA,NA,NA
79661,"Beanie Wells","ARI","RB",NA,NA,NA,NA,NA,NA,NA,202,809,7,NA,NA,NA,NA,NA,NA,NA,7,NA,NA,NA,NA,10,65,0,NA,NA,NA,NA,NA,NA,NA,NA
79858,"Mark Sanchez","NYJ","QB",438,249,NA,NA,2845,18,15,21,76,0,NA,NA,NA,NA,NA,NA,NA,7,NA,NA,NA,NA,NA,NA,NA,NA,NA,NA,NA,NA,NA,NA,NA
79860,"Matthew Stafford","DET","QB",381,229,NA,NA,2556,14,18,21,62,0,NA,NA,NA,NA,NA,NA,NA,7,NA,NA,NA,NA,NA,NA,NA,NA,NA,NA,NA,NA,NA,NA,NA
80425,"Percy Harvin","MIN","WR",NA,NA,NA,NA,NA,NA,NA,0,0,0,NA,NA,NA,NA,NA,NA,NA,7,NA,NA,NA,NA,28,345,2,NA,NA,NA,NA,NA,NA,NA,NA
80427,"Darrius Heyward-Bey","OAK","WR",NA,NA,NA,NA,NA,NA,NA,0,0,0,NA,NA,NA,NA,NA,NA,NA,7,NA,NA,NA,NA,18,256,2,NA,NA,NA,NA,NA,NA,NA,NA
80429,"Jeremy Maclin","PHI","WR",NA,NA,NA,NA,NA,NA,NA,0,0,0,NA,NA,NA,NA,NA,NA,NA,7,NA,NA,NA,NA,26,414,2,NA,NA,NA,NA,NA,NA,NA,NA
80644,"Mike Goodson","CAR","RB",NA,NA,NA,NA,NA,NA,NA,46,187,0,NA,NA,NA,NA,NA,NA,NA,7,NA,NA,NA,NA,1,6,0,NA,NA,NA,NA,NA,NA,NA,NA
80650,"Juaquin Iglesias","CHI","WR",NA,NA,NA,NA,NA,NA,NA,0,0,0,NA,NA,NA,NA,NA,NA,NA,7,NA,NA,NA,NA,8,95,0,NA,NA,NA,NA,NA,NA,NA,NA
80672,"Hakeem Nicks","NYG","WR",NA,NA,NA,NA,NA,NA,NA,0,0,0,NA,NA,NA,NA,NA,NA,NA,7,NA,NA,NA,NA,18,221,1,NA,NA,NA,NA,NA,NA,NA,NA
80682,"Brian Robiskie","CLE","WR",NA,NA,NA,NA,NA,NA,NA,0,0,0,NA,NA,NA,NA,NA,NA,NA,7,NA,NA,NA,NA,25,345,1,NA,NA,NA,NA,NA,NA,NA,NA
81869,"Bernard Scott","CIN","RB",NA,NA,NA,NA,NA,NA,NA,75,263,2,NA,NA,NA,NA,NA,NA,NA,7,NA,NA,NA,NA,12,62,0,NA,NA,NA,NA,NA,NA,NA,NA
238457,"Zach Miller","JAC","TE",NA,NA,NA,NA,NA,NA,NA,NA,NA,NA,NA,NA,NA,NA,NA,NA,NA,7,NA,NA,NA,NA,65,698,4,NA,NA,NA,NA,NA,NA,NA,NA
2495557,"Kevin Boss","NYG","TE",NA,NA,NA,NA,NA,NA,NA,NA,NA,NA,NA,NA,NA,NA,NA,NA,NA,7,NA,NA,NA,NA,50,515,4,NA,NA,NA,NA,NA,NA,NA,NA
2495558,"Dwayne Bowe","KC","WR",NA,NA,NA,NA,NA,NA,NA,0,0,0,NA,NA,NA,NA,NA,NA,NA,7,NA,NA,NA,NA,80,1102,7,NA,NA,NA,NA,NA,NA,NA,NA
2495560,"Ahmad Bradshaw","NYG","RB",NA,NA,NA,NA,NA,NA,NA,132,685,4,NA,NA,NA,NA,NA,NA,NA,7,NA,NA,NA,NA,21,155,1,NA,NA,NA,NA,NA,NA,NA,NA
2495562,"Steve Breaston","ARI","WR",NA,NA,NA,NA,NA,NA,NA,0,0,0,NA,NA,NA,NA,NA,NA,NA,7,NA,NA,NA,NA,53,785,4,NA,NA,NA,NA,NA,NA,NA,NA
2495576,"David Clowney","NYJ","WR",NA,NA,NA,NA,NA,NA,NA,0,0,0,NA,NA,NA,NA,NA,NA,NA,7,NA,NA,NA,NA,26,315,1,NA,NA,NA,NA,NA,NA,NA,NA
2495587,"Kenneth Darby","STL","RB",NA,NA,NA,NA,NA,NA,NA,29,114,0,NA,NA,NA,NA,NA,NA,NA,7,NA,NA,NA,NA,3,22,0,NA,NA,NA,NA,NA,NA,NA,NA
2495612,"Anthony Gonzalez","IND","WR",NA,NA,NA,NA,NA,NA,NA,0,0,0,NA,NA,NA,NA,NA,NA,NA,7,NA,NA,NA,NA,65,945,6,NA,NA,NA,NA,NA,NA,NA,NA
2495630,"Johnnie Lee Higgins","OAK","WR",NA,NA,NA,NA,NA,NA,NA,0,0,0,NA,NA,NA,NA,NA,NA,NA,7,NA,NA,NA,NA,43,525,2,NA,NA,NA,NA,NA,NA,NA,NA
2495647,"Calvin Johnson","DET","WR",NA,NA,NA,NA,NA,NA,NA,0,0,0,NA,NA,NA,NA,NA,NA,NA,7,NA,NA,NA,NA,80,1188,10,NA,NA,NA,NA,NA,NA,NA,NA
2495651,"Jacoby Jones","HOU","WR",NA,NA,NA,NA,NA,NA,NA,0,0,0,NA,NA,NA,NA,NA,NA,NA,7,NA,NA,NA,NA,11,165,0,NA,NA,NA,NA,NA,NA,NA,NA
2495660,"Brian Leonard","CIN","RB",NA,NA,NA,NA,NA,NA,NA,56,195,1,NA,NA,NA,NA,NA,NA,NA,7,NA,NA,NA,NA,11,55,0,NA,NA,NA,NA,NA,NA,NA,NA
2495663,"Marshawn Lynch","BUF","RB",NA,NA,NA,NA,NA,NA,NA,224,941,6,NA,NA,NA,NA,NA,NA,NA,7,NA,NA,NA,NA,39,285,0,NA,NA,NA,NA,NA,NA,NA,NA
2495676,"Robert Meachem","NO","WR",NA,NA,NA,NA,NA,NA,NA,0,0,0,NA,NA,NA,NA,NA,NA,NA,7,NA,NA,NA,NA,21,255,2,NA,NA,NA,NA,NA,NA,NA,NA
2495689,"Legedu Naanee","SD","WR",NA,NA,NA,NA,NA,NA,NA,0,0,0,NA,NA,NA,NA,NA,NA,NA,7,NA,NA,NA,NA,8,111,0,NA,NA,NA,NA,NA,NA,NA,NA
2495700,"Greg Olsen","CHI","TE",NA,NA,NA,NA,NA,NA,NA,NA,NA,NA,NA,NA,NA,NA,NA,NA,NA,7,NA,NA,NA,NA,69,755,7,NA,NA,NA,NA,NA,NA,NA,NA
2495703,"Ben Patrick","ARI","TE",NA,NA,NA,NA,NA,NA,NA,NA,NA,NA,NA,NA,NA,NA,NA,NA,NA,7,NA,NA,NA,NA,11,129,1,NA,NA,NA,NA,NA,NA,NA,NA
2495711,"Antonio Pittman","FA","RB",NA,NA,NA,NA,NA,NA,NA,23,99,0,NA,NA,NA,NA,NA,NA,NA,7,NA,NA,NA,NA,7,45,0,NA,NA,NA,NA,NA,NA,NA,NA
2495714,"Brady Quinn","CLE","QB",406,231,NA,NA,2679,13,13,36,111,1,NA,NA,NA,NA,NA,NA,NA,7,NA,NA,NA,NA,NA,NA,NA,NA,NA,NA,NA,NA,NA,NA,NA
2495718,"Sidney Rice","MIN","WR",NA,NA,NA,NA,NA,NA,NA,0,0,0,NA,NA,NA,NA,NA,NA,NA,7,NA,NA,NA,NA,40,564,3,NA,NA,NA,NA,NA,NA,NA,NA
2495721,"Laurent Robinson","STL","WR",NA,NA,NA,NA,NA,NA,NA,0,0,0,NA,NA,NA,NA,NA,NA,NA,7,NA,NA,NA,NA,32,495,4,NA,NA,NA,NA,NA,NA,NA,NA
2495724,"Dante Rosario","CAR","TE",NA,NA,NA,NA,NA,NA,NA,NA,NA,NA,NA,NA,NA,NA,NA,NA,NA,7,NA,NA,NA,NA,26,250,2,NA,NA,NA,NA,NA,NA,NA,NA
2495732,"Derek Schouman","BUF","TE",NA,NA,NA,NA,NA,NA,NA,NA,NA,NA,NA,NA,NA,NA,NA,NA,NA,7,NA,NA,NA,NA,24,256,2,NA,NA,NA,NA,NA,NA,NA,NA
2495741,"Kolby Smith","KC","RB",NA,NA,NA,NA,NA,NA,NA,19,75,0,NA,NA,NA,NA,NA,NA,NA,7,NA,NA,NA,NA,8,58,0,NA,NA,NA,NA,NA,NA,NA,NA
2495753,"Chansi Stuckey","NYJ","WR",NA,NA,NA,NA,NA,NA,NA,0,0,0,NA,NA,NA,NA,NA,NA,NA,7,NA,NA,NA,NA,39,465,4,NA,NA,NA,NA,NA,NA,NA,NA
2495772,"D.J. Ware","NYG","RB",NA,NA,NA,NA,NA,NA,NA,41,189,1,NA,NA,NA,NA,NA,NA,NA,7,NA,NA,NA,NA,3,24,0,NA,NA,NA,NA,NA,NA,NA,NA
2495784,"Garrett Wolfe","CHI","RB",NA,NA,NA,NA,NA,NA,NA,29,142,1,NA,NA,NA,NA,NA,NA,NA,7,NA,NA,NA,NA,13,85,0,NA,NA,NA,NA,NA,NA,NA,NA
2495790,"DeShawn Wynn","GB","RB",NA,NA,NA,NA,NA,NA,NA,29,115,0,NA,NA,NA,NA,NA,NA,NA,7,NA,NA,NA,NA,5,34,0,NA,NA,NA,NA,NA,NA,NA,NA
2495793,"Joseph Addai","IND","RB",NA,NA,NA,NA,NA,NA,NA,190,856,7,NA,NA,NA,NA,NA,NA,NA,7,NA,NA,NA,NA,38,311,2,NA,NA,NA,NA,NA,NA,NA,NA
2495801,"Miles Austin","DAL","WR",NA,NA,NA,NA,NA,NA,NA,0,0,0,NA,NA,NA,NA,NA,NA,NA,7,NA,NA,NA,NA,27,345,3,NA,NA,NA,NA,NA,NA,NA,NA
2495802,"Jason Avant","PHI","WR",NA,NA,NA,NA,NA,NA,NA,0,0,0,NA,NA,NA,NA,NA,NA,NA,7,NA,NA,NA,NA,14,215,1,NA,NA,NA,NA,NA,NA,NA,NA
2495821,"Marques Colston","NO","WR",NA,NA,NA,NA,NA,NA,NA,0,0,0,NA,NA,NA,NA,NA,NA,NA,7,NA,NA,NA,NA,86,1162,9,NA,NA,NA,NA,NA,NA,NA,NA
2495823,"Brodie Croyle","KC","QB",57,34,NA,NA,389,2,16,11,44,0,NA,NA,NA,NA,NA,NA,NA,7,NA,NA,NA,NA,NA,NA,NA,NA,NA,NA,NA,NA,NA,NA,NA
2495824,"Jay Cutler","CHI","QB",439,272,NA,NA,3245,21,14,58,192,1,NA,NA,NA,NA,NA,NA,NA,7,NA,NA,NA,NA,NA,NA,NA,NA,NA,NA,NA,NA,NA,NA,NA
2495825,"Owen Daniels","HOU","TE",NA,NA,NA,NA,NA,NA,NA,NA,NA,NA,NA,NA,NA,NA,NA,NA,NA,7,NA,NA,NA,NA,63,732,4,NA,NA,NA,NA,NA,NA,NA,NA
2495826,"Vernon Davis","SF","TE",NA,NA,NA,NA,NA,NA,NA,NA,NA,NA,NA,NA,NA,NA,NA,NA,NA,7,NA,NA,NA,NA,39,410,3,NA,NA,NA,NA,NA,NA,NA,NA
2495831,"Maurice Jones-Drew","JAC","RB",NA,NA,NA,NA,NA,NA,NA,241,1252,13,NA,NA,NA,NA,NA,NA,NA,7,NA,NA,NA,NA,54,479,2,NA,NA,NA,NA,NA,NA,NA,NA
2495835,"Anthony Fasano","MIA","TE",NA,NA,NA,NA,NA,NA,NA,NA,NA,NA,NA,NA,NA,NA,NA,NA,NA,7,NA,NA,NA,NA,51,495,4,NA,NA,NA,NA,NA,NA,NA,NA
2495849,"Jerome Harrison","CLE","RB",NA,NA,NA,NA,NA,NA,NA,55,215,2,NA,NA,NA,NA,NA,NA,NA,7,NA,NA,NA,NA,33,195,1,NA,NA,NA,NA,NA,NA,NA,NA
2495867,"Greg Jennings","GB","WR",NA,NA,NA,NA,NA,NA,NA,0,0,0,NA,NA,NA,NA,NA,NA,NA,7,NA,NA,NA,NA,81,1232,8,NA,NA,NA,NA,NA,NA,NA,NA
2495877,"Jeff King","CAR","TE",NA,NA,NA,NA,NA,NA,NA,NA,NA,NA,NA,NA,NA,NA,NA,NA,NA,7,NA,NA,NA,NA,17,194,1,NA,NA,NA,NA,NA,NA,NA,NA
2495880,"Joe Klopfenstein","BUF","TE",NA,NA,NA,NA,NA,NA,NA,NA,NA,NA,NA,NA,NA,NA,NA,NA,NA,7,NA,NA,NA,NA,8,88,1,NA,NA,NA,NA,NA,NA,NA,NA
2495888,"Marcedes Lewis","JAC","TE",NA,NA,NA,NA,NA,NA,NA,NA,NA,NA,NA,NA,NA,NA,NA,NA,NA,7,NA,NA,NA,NA,49,565,3,NA,NA,NA,NA,NA,NA,NA,NA
2495893,"Brandon Marshall","DEN","WR",NA,NA,NA,NA,NA,NA,NA,0,0,0,NA,NA,NA,NA,NA,NA,NA,7,NA,NA,NA,NA,62,856,4,NA,NA,NA,NA,NA,NA,NA,NA
2495916,"Sinorice Moss","NYG","WR",NA,NA,NA,NA,NA,NA,NA,0,0,0,NA,NA,NA,NA,NA,NA,NA,7,NA,NA,NA,NA,36,435,2,NA,NA,NA,NA,NA,NA,NA,NA
2495921,"Jerious Norwood","ATL","RB",NA,NA,NA,NA,NA,NA,NA,107,525,3,NA,NA,NA,NA,NA,NA,NA,7,NA,NA,NA,NA,40,330,1,NA,NA,NA,NA,NA,NA,NA,NA
2495922,"Ben Obomanu","SEA","WR",NA,NA,NA,NA,NA,NA,NA,0,0,0,NA,NA,NA,NA,NA,NA,NA,7,NA,NA,NA,NA,13,155,1,NA,NA,NA,NA,NA,NA,NA,NA
2495942,"Tony Scheffler","DEN","TE",NA,NA,NA,NA,NA,NA,NA,NA,NA,NA,NA,NA,NA,NA,NA,NA,NA,7,NA,NA,NA,NA,45,515,4,NA,NA,NA,NA,NA,NA,NA,NA
2495957,"Maurice Stovall","TB","WR",NA,NA,NA,NA,NA,NA,NA,0,0,0,NA,NA,NA,NA,NA,NA,NA,7,NA,NA,NA,NA,8,98,0,NA,NA,NA,NA,NA,NA,NA,NA
2495966,"Delanie Walker","SF","TE",NA,NA,NA,NA,NA,NA,NA,NA,NA,NA,NA,NA,NA,NA,NA,NA,NA,7,NA,NA,NA,NA,13,155,1,NA,NA,NA,NA,NA,NA,NA,NA
2495967,"Leon Washington","NYJ","RB",NA,NA,NA,NA,NA,NA,NA,105,515,3,NA,NA,NA,NA,NA,NA,NA,7,NA,NA,NA,NA,38,275,1,NA,NA,NA,NA,NA,NA,NA,NA
2495979,"DeAngelo Williams","CAR","RB",NA,NA,NA,NA,NA,NA,NA,292,1315,12,NA,NA,NA,NA,NA,NA,NA,7,NA,NA,NA,NA,26,209,1,NA,NA,NA,NA,NA,NA,NA,NA
2495980,"Demetrius Williams","BAL","WR",NA,NA,NA,NA,NA,NA,NA,0,0,0,NA,NA,NA,NA,NA,NA,NA,7,NA,NA,NA,NA,18,266,2,NA,NA,NA,NA,NA,NA,NA,NA
2499567,"Charlie Batch","PIT","QB",42,24,NA,NA,283,1,1,3,6,0,NA,NA,NA,NA,NA,NA,NA,7,NA,NA,NA,NA,NA,NA,NA,NA,NA,NA,NA,NA,NA,NA,NA
2499702,"Marty Booker","ATL","WR",NA,NA,NA,NA,NA,NA,NA,0,0,0,NA,NA,NA,NA,NA,NA,NA,7,NA,NA,NA,NA,9,119,0,NA,NA,NA,NA,NA,NA,NA,NA
2499879,"Isaac Bruce","SF","WR",NA,NA,NA,NA,NA,NA,NA,0,0,0,NA,NA,NA,NA,NA,NA,NA,7,NA,NA,NA,NA,37,512,4,NA,NA,NA,NA,NA,NA,NA,NA
2500080,"Desmond Clark","CHI","TE",NA,NA,NA,NA,NA,NA,NA,NA,NA,NA,NA,NA,NA,NA,NA,NA,NA,7,NA,NA,NA,NA,28,333,3,NA,NA,NA,NA,NA,NA,NA,NA
2500150,"Kerry Collins","TEN","QB",402,241,NA,NA,2895,15,8,33,40,0,NA,NA,NA,NA,NA,NA,NA,7,NA,NA,NA,NA,NA,NA,NA,NA,NA,NA,NA,NA,NA,NA,NA
2500157,"Todd Collins","WAS","QB",47,28,NA,NA,346,2,1,0,2,0,NA,NA,NA,NA,NA,NA,NA,7,NA,NA,NA,NA,NA,NA,NA,NA,NA,NA,NA,NA,NA,NA,NA
2500249,"Daunte Culpepper","DET","QB",110,66,NA,NA,812,5,2,5,18,0,NA,NA,NA,NA,NA,NA,NA,7,NA,NA,NA,NA,NA,NA,NA,NA,NA,NA,NA,NA,NA,NA,NA
2500361,"Jake Delhomme","CAR","QB",430,262,NA,NA,3180,19,12,12,25,1,NA,NA,NA,NA,NA,NA,NA,7,NA,NA,NA,NA,NA,NA,NA,NA,NA,NA,NA,NA,NA,NA,NA
2500467,"Donald Driver","GB","WR",NA,NA,NA,NA,NA,NA,NA,0,0,0,NA,NA,NA,NA,NA,NA,NA,7,NA,NA,NA,NA,66,845,6,NA,NA,NA,NA,NA,NA,NA,NA
2500556,"Bobby Engram","FA","WR",NA,NA,NA,NA,NA,NA,NA,0,0,0,NA,NA,NA,NA,NA,NA,NA,7,NA,NA,NA,NA,38,462,3,NA,NA,NA,NA,NA,NA,NA,NA
2500600,"Kevin Faulk","NE","RB",NA,NA,NA,NA,NA,NA,NA,74,356,1,NA,NA,NA,NA,NA,NA,NA,7,NA,NA,NA,NA,47,385,2,NA,NA,NA,NA,NA,NA,NA,NA
2500606,"Brett Favre","MIN","QB",429,266,NA,NA,3002,20,15,8,31,0,NA,NA,NA,NA,NA,NA,NA,7,NA,NA,NA,NA,NA,NA,NA,NA,NA,NA,NA,NA,NA,NA,NA
2500634,"Brian Finneran","ATL","WR",NA,NA,NA,NA,NA,NA,NA,0,0,0,NA,NA,NA,NA,NA,NA,NA,7,NA,NA,NA,NA,18,235,1,NA,NA,NA,NA,NA,NA,NA,NA
2500744,"Joey Galloway","PIT","WR",NA,NA,NA,NA,NA,NA,NA,0,0,0,NA,NA,NA,NA,NA,NA,NA,7,NA,NA,NA,NA,30,465,1,NA,NA,NA,NA,NA,NA,NA,NA
2500835,"Tony Gonzalez","ATL","TE",NA,NA,NA,NA,NA,NA,NA,NA,NA,NA,NA,NA,NA,NA,NA,NA,NA,7,NA,NA,NA,NA,79,885,8,NA,NA,NA,NA,NA,NA,NA,NA
2501078,"Matt Hasselbeck","SEA","QB",455,278,NA,NA,3140,20,12,28,103,1,NA,NA,NA,NA,NA,NA,NA,7,NA,NA,NA,NA,NA,NA,NA,NA,NA,NA,NA,NA,NA,NA,NA
2501111,"Steve Heiden","CLE","TE",NA,NA,NA,NA,NA,NA,NA,NA,NA,NA,NA,NA,NA,NA,NA,NA,NA,7,NA,NA,NA,NA,33,315,1,NA,NA,NA,NA,NA,NA,NA,NA
2501229,"Torry Holt","JAC","WR",NA,NA,NA,NA,NA,NA,NA,0,0,0,NA,NA,NA,NA,NA,NA,NA,7,NA,NA,NA,NA,63,825,5,NA,NA,NA,NA,NA,NA,NA,NA
2501355,"Edgerrin James","FA","RB",NA,NA,NA,NA,NA,NA,NA,109,436,5,NA,NA,NA,NA,NA,NA,NA,7,NA,NA,NA,NA,8,55,0,NA,NA,NA,NA,NA,NA,NA,NA
2501630,"Jon Kitna","DAL","QB",31,19,NA,NA,215,1,1,1,3,0,NA,NA,NA,NA,NA,NA,NA,7,NA,NA,NA,NA,NA,NA,NA,NA,NA,NA,NA,NA,NA,NA,NA
2501633,"Jimmy Kleinsasser","MIN","TE",NA,NA,NA,NA,NA,NA,NA,NA,NA,NA,NA,NA,NA,NA,NA,NA,NA,7,NA,NA,NA,NA,13,135,1,NA,NA,NA,NA,NA,NA,NA,NA
2501863,"Peyton Manning","IND","QB",519,337,NA,NA,4100,29,13,29,32,1,NA,NA,NA,NA,NA,NA,NA,7,NA,NA,NA,NA,NA,NA,NA,NA,NA,NA,NA,NA,NA,NA,NA
2501898,"Derrick Mason","BAL","WR",NA,NA,NA,NA,NA,NA,NA,0,0,0,NA,NA,NA,NA,NA,NA,NA,7,NA,NA,NA,NA,68,766,5,NA,NA,NA,NA,NA,NA,NA,NA
2502044,"Donovan McNabb","PHI","QB",524,315,NA,NA,3671,22,9,39,162,2,NA,NA,NA,NA,NA,NA,NA,7,NA,NA,NA,NA,NA,NA,NA,NA,NA,NA,NA,NA,NA,NA,NA
2502220,"Randy Moss","NE","WR",NA,NA,NA,NA,NA,NA,NA,0,0,0,NA,NA,NA,NA,NA,NA,NA,7,NA,NA,NA,NA,85,1265,12,NA,NA,NA,NA,NA,NA,NA,NA
2502231,"Muhsin Muhammad","CAR","WR",NA,NA,NA,NA,NA,NA,NA,0,0,0,NA,NA,NA,NA,NA,NA,NA,7,NA,NA,NA,NA,61,745,5,NA,NA,NA,NA,NA,NA,NA,NA
2502377,"Terrell Owens","BUF","WR",NA,NA,NA,NA,NA,NA,NA,0,0,0,NA,NA,NA,NA,NA,NA,NA,7,NA,NA,NA,NA,68,979,7,NA,NA,NA,NA,NA,NA,NA,NA
2502655,"Tony Richardson","NYJ","RB",NA,NA,NA,NA,NA,NA,NA,11,35,0,NA,NA,NA,NA,NA,NA,NA,7,NA,NA,NA,NA,8,52,0,NA,NA,NA,NA,NA,NA,NA,NA
2502894,"Mike Sellers","WAS","RB",NA,NA,NA,NA,NA,NA,NA,13,44,0,NA,NA,NA,NA,NA,NA,NA,7,NA,NA,NA,NA,22,117,0,NA,NA,NA,NA,NA,NA,NA,NA
2503158,"Brandon Stokley","DEN","WR",NA,NA,NA,NA,NA,NA,NA,0,0,0,NA,NA,NA,NA,NA,NA,NA,7,NA,NA,NA,NA,20,285,2,NA,NA,NA,NA,NA,NA,NA,NA
2503256,"Fred Taylor","NE","RB",NA,NA,NA,NA,NA,NA,NA,159,765,5,NA,NA,NA,NA,NA,NA,NA,7,NA,NA,NA,NA,11,82,0,NA,NA,NA,NA,NA,NA,NA,NA
2503532,"Hines Ward","PIT","WR",NA,NA,NA,NA,NA,NA,NA,0,0,0,NA,NA,NA,NA,NA,NA,NA,7,NA,NA,NA,NA,80,915,7,NA,NA,NA,NA,NA,NA,NA,NA
2503540,"Kurt Warner","ARI","QB",540,345,NA,NA,3778,26,12,4,9,0,NA,NA,NA,NA,NA,NA,NA,7,NA,NA,NA,NA,NA,NA,NA,NA,NA,NA,NA,NA,NA,NA,NA
2503715,"Ricky Williams","MIA","RB",NA,NA,NA,NA,NA,NA,NA,146,614,5,NA,NA,NA,NA,NA,NA,NA,7,NA,NA,NA,NA,25,192,1,NA,NA,NA,NA,NA,NA,NA,NA
2503902,"Laveranues Coles","CIN","WR",NA,NA,NA,NA,NA,NA,NA,0,0,0,NA,NA,NA,NA,NA,NA,NA,7,NA,NA,NA,NA,63,745,5,NA,NA,NA,NA,NA,NA,NA,NA
2503969,"Brad Hoover","CAR","RB",NA,NA,NA,NA,NA,NA,NA,9,32,0,NA,NA,NA,NA,NA,NA,NA,7,NA,NA,NA,NA,11,75,0,NA,NA,NA,NA,NA,NA,NA,NA
2504036,"Mike Furrey","CLE","WR",NA,NA,NA,NA,NA,NA,NA,0,0,0,NA,NA,NA,NA,NA,NA,NA,7,NA,NA,NA,NA,37,429,1,NA,NA,NA,NA,NA,NA,NA,NA
2504099,"Anthony Becht","ARI","TE",NA,NA,NA,NA,NA,NA,NA,NA,NA,NA,NA,NA,NA,NA,NA,NA,NA,7,NA,NA,NA,NA,19,184,1,NA,NA,NA,NA,NA,NA,NA,NA
2504126,"Sammy Morris","NE","RB",NA,NA,NA,NA,NA,NA,NA,79,331,3,NA,NA,NA,NA,NA,NA,NA,7,NA,NA,NA,NA,25,165,0,NA,NA,NA,NA,NA,NA,NA,NA
2504181,"Chad Pennington","MIA","QB",480,307,NA,NA,3217,17,8,25,64,1,NA,NA,NA,NA,NA,NA,NA,7,NA,NA,NA,NA,NA,NA,NA,NA,NA,NA,NA,NA,NA,NA,NA
2504211,"Tom Brady","NE","QB",547,350,NA,NA,4214,31,13,42,84,1,NA,NA,NA,NA,NA,NA,NA,7,NA,NA,NA,NA,NA,NA,NA,NA,NA,NA,NA,NA,NA,NA,NA
2504214,"Marc Bulger","STL","QB",381,236,NA,NA,2555,17,8,14,29,0,NA,NA,NA,NA,NA,NA,NA,7,NA,NA,NA,NA,NA,NA,NA,NA,NA,NA,NA,NA,NA,NA,NA
2504252,"Thomas Jones","NYJ","RB",NA,NA,NA,NA,NA,NA,NA,261,1045,7,NA,NA,NA,NA,NA,NA,NA,7,NA,NA,NA,NA,24,160,0,NA,NA,NA,NA,NA,NA,NA,NA
2504261,"Dennis Northcutt","DET","WR",NA,NA,NA,NA,NA,NA,NA,0,0,0,NA,NA,NA,NA,NA,NA,NA,7,NA,NA,NA,NA,20,286,1,NA,NA,NA,NA,NA,NA,NA,NA
2504298,"Jamal Lewis","CLE","RB",NA,NA,NA,NA,NA,NA,NA,233,979,6,NA,NA,NA,NA,NA,NA,NA,7,NA,NA,NA,NA,27,182,0,NA,NA,NA,NA,NA,NA,NA,NA
2504314,"Chris Redman","ATL","QB",18,10,NA,NA,115,1,0,1,3,0,NA,NA,NA,NA,NA,NA,NA,7,NA,NA,NA,NA,NA,NA,NA,NA,NA,NA,NA,NA,NA,NA,NA
2504531,"Michael Vick","PHI","QB",38,22,NA,NA,256,1,3,80,185,2,NA,NA,NA,NA,NA,NA,NA,7,NA,NA,NA,NA,NA,NA,NA,NA,NA,NA,NA,NA,NA,NA,NA
2504545,"Correll Buckhalter","DEN","RB",NA,NA,NA,NA,NA,NA,NA,85,355,2,NA,NA,NA,NA,NA,NA,NA,7,NA,NA,NA,NA,11,78,0,NA,NA,NA,NA,NA,NA,NA,NA
2504554,"Alge Crumpler","TEN","TE",NA,NA,NA,NA,NA,NA,NA,NA,NA,NA,NA,NA,NA,NA,NA,NA,NA,7,NA,NA,NA,NA,27,312,2,NA,NA,NA,NA,NA,NA,NA,NA
2504595,"Steve Smith","CAR","WR",NA,NA,NA,NA,NA,NA,NA,0,0,0,NA,NA,NA,NA,NA,NA,NA,7,NA,NA,NA,NA,68,924.5,6.5,NA,NA,NA,NA,NA,NA,NA,NA
2504600,"Brandon Manumaleuna","SD","TE",NA,NA,NA,NA,NA,NA,NA,NA,NA,NA,NA,NA,NA,NA,NA,NA,NA,7,NA,NA,NA,NA,8,82,0,NA,NA,NA,NA,NA,NA,NA,NA
2504651,"Chad Johnson","CIN","WR",NA,NA,NA,NA,NA,NA,NA,0,0,0,NA,NA,NA,NA,NA,NA,NA,7,NA,NA,NA,NA,72,1029,7,NA,NA,NA,NA,NA,NA,NA,NA
2504689,"T.J. Houshmandzadeh","SEA","WR",NA,NA,NA,NA,NA,NA,NA,0,0,0,NA,NA,NA,NA,NA,NA,NA,7,NA,NA,NA,NA,90,1088,8,NA,NA,NA,NA,NA,NA,NA,NA
2504695,"Chris Chambers","SD","WR",NA,NA,NA,NA,NA,NA,NA,0,0,0,NA,NA,NA,NA,NA,NA,NA,7,NA,NA,NA,NA,55,779,5,NA,NA,NA,NA,NA,NA,NA,NA
2504711,"LaMont Jordan","DEN","RB",NA,NA,NA,NA,NA,NA,NA,38,166,1,NA,NA,NA,NA,NA,NA,NA,7,NA,NA,NA,NA,4,33,0,NA,NA,NA,NA,NA,NA,NA,NA
2504729,"Sage Rosenfels","MIN","QB",72,41,NA,NA,514,2,1,1,6,0,NA,NA,NA,NA,NA,NA,NA,7,NA,NA,NA,NA,NA,NA,NA,NA,NA,NA,NA,NA,NA,NA,NA
2504743,"Santana Moss","WAS","WR",NA,NA,NA,NA,NA,NA,NA,0,0,0,NA,NA,NA,NA,NA,NA,NA,7,NA,NA,NA,NA,67,977,6,NA,NA,NA,NA,NA,NA,NA,NA
2504747,"Reggie Wayne","IND","WR",NA,NA,NA,NA,NA,NA,NA,0,0,0,NA,NA,NA,NA,NA,NA,NA,7,NA,NA,NA,NA,85,1190,9,NA,NA,NA,NA,NA,NA,NA,NA
2504756,"Heath Evans","NO","RB",NA,NA,NA,NA,NA,NA,NA,20,75,1,NA,NA,NA,NA,NA,NA,NA,7,NA,NA,NA,NA,4,25,0,NA,NA,NA,NA,NA,NA,NA,NA
2504764,"Todd Heap","BAL","TE",NA,NA,NA,NA,NA,NA,NA,NA,NA,NA,NA,NA,NA,NA,NA,NA,NA,7,NA,NA,NA,NA,39,425,4,NA,NA,NA,NA,NA,NA,NA,NA
2504775,"Drew Brees","NO","QB",611,391,NA,NA,4340,31,15,18,45,0,NA,NA,NA,NA,NA,NA,NA,7,NA,NA,NA,NA,NA,NA,NA,NA,NA,NA,NA,NA,NA,NA,NA
2504778,"LaDainian Tomlinson","SD","RB",NA,NA,NA,NA,NA,NA,NA,253,1242,12,NA,NA,NA,NA,NA,NA,NA,7,NA,NA,NA,NA,50,409,2,NA,NA,NA,NA,NA,NA,NA,NA
2504804,"David Carr","NYG","QB",32,19,NA,NA,213,1,0,0,2,0,NA,NA,NA,NA,NA,NA,NA,7,NA,NA,NA,NA,NA,NA,NA,NA,NA,NA,NA,NA,NA,NA,NA
2504833,"Shaun Hill","SF","QB",443,261,NA,NA,2968,18,16,60,127,0,NA,NA,NA,NA,NA,NA,NA,7,NA,NA,NA,NA,NA,NA,NA,NA,NA,NA,NA,NA,NA,NA,NA
2505013,"Roy Williams","CIN","WR",NA,NA,NA,NA,NA,NA,NA,0,0,0,NA,NA,NA,NA,NA,NA,NA,7,NA,NA,NA,NA,75,1040,8,NA,NA,NA,NA,NA,NA,NA,NA
2505018,"Jeremy Shockey","NO","TE",NA,NA,NA,NA,NA,NA,NA,NA,NA,NA,NA,NA,NA,NA,NA,NA,NA,7,NA,NA,NA,NA,50,557,4,NA,NA,NA,NA,NA,NA,NA,NA
2505023,"Javon Walker","OAK","WR",NA,NA,NA,NA,NA,NA,NA,0,0,0,NA,NA,NA,NA,NA,NA,NA,7,NA,NA,NA,NA,25,355,2,NA,NA,NA,NA,NA,NA,NA,NA
2505024,"Daniel Graham","DEN","TE",NA,NA,NA,NA,NA,NA,NA,NA,NA,NA,NA,NA,NA,NA,NA,NA,NA,7,NA,NA,NA,NA,15,155,1,NA,NA,NA,NA,NA,NA,NA,NA
2505029,"Jerramy Stevens","TB","TE",NA,NA,NA,NA,NA,NA,NA,NA,NA,NA,NA,NA,NA,NA,NA,NA,NA,7,NA,NA,NA,NA,21,245,1,NA,NA,NA,NA,NA,NA,NA,NA
2505033,"Jabar Gaffney","DEN","WR",NA,NA,NA,NA,NA,NA,NA,0,0,0,NA,NA,NA,NA,NA,NA,NA,7,NA,NA,NA,NA,23,295,2,NA,NA,NA,NA,NA,NA,NA,NA
2505036,"Josh Reed","BUF","WR",NA,NA,NA,NA,NA,NA,NA,0,0,0,NA,NA,NA,NA,NA,NA,NA,7,NA,NA,NA,NA,28,345,3,NA,NA,NA,NA,NA,NA,NA,NA
2505045,"Andre Davis","HOU","WR",NA,NA,NA,NA,NA,NA,NA,0,0,0,NA,NA,NA,NA,NA,NA,NA,7,NA,NA,NA,NA,24,326,2,NA,NA,NA,NA,NA,NA,NA,NA
2505049,"Clinton Portis","WAS","RB",NA,NA,NA,NA,NA,NA,NA,301,1265,10,NA,NA,NA,NA,NA,NA,NA,7,NA,NA,NA,NA,41,345,1,NA,NA,NA,NA,NA,NA,NA,NA
2505052,"Maurice Morris","DET","RB",NA,NA,NA,NA,NA,NA,NA,108,455,3,NA,NA,NA,NA,NA,NA,NA,7,NA,NA,NA,NA,18,141,0,NA,NA,NA,NA,NA,NA,NA,NA
2505060,"Antwaan Randle El","WAS","WR",NA,NA,NA,NA,NA,NA,NA,0,0,0,NA,NA,NA,NA,NA,NA,NA,7,NA,NA,NA,NA,31,424,2,NA,NA,NA,NA,NA,NA,NA,NA
2505061,"Antonio Bryant","TB","WR",NA,NA,NA,NA,NA,NA,NA,0,0,0,NA,NA,NA,NA,NA,NA,NA,7,NA,NA,NA,NA,66,885,6,NA,NA,NA,NA,NA,NA,NA,NA
2505062,"Deion Branch","SEA","WR",NA,NA,NA,NA,NA,NA,NA,0,0,0,NA,NA,NA,NA,NA,NA,NA,7,NA,NA,NA,NA,24,315,2,NA,NA,NA,NA,NA,NA,NA,NA
2505076,"Josh McCown","CAR","QB",41,24,NA,NA,265,1,0,4,14,0,NA,NA,NA,NA,NA,NA,NA,7,NA,NA,NA,NA,NA,NA,NA,NA,NA,NA,NA,NA,NA,NA,NA
2505083,"Chris Baker","NE","TE",NA,NA,NA,NA,NA,NA,NA,NA,NA,NA,NA,NA,NA,NA,NA,NA,NA,7,NA,NA,NA,NA,25,265,2,NA,NA,NA,NA,NA,NA,NA,NA
2505086,"Brian Westbrook","PHI","RB",NA,NA,NA,NA,NA,NA,NA,208,955,7,NA,NA,NA,NA,NA,NA,NA,7,NA,NA,NA,NA,52,465,4,NA,NA,NA,NA,NA,NA,NA,NA
2505101,"David Garrard","JAC","QB",478,296,NA,NA,3441,17,11,62,285,2,NA,NA,NA,NA,NA,NA,NA,7,NA,NA,NA,NA,NA,NA,NA,NA,NA,NA,NA,NA,NA,NA,NA
2505106,"Randy McMichael","STL","TE",NA,NA,NA,NA,NA,NA,NA,NA,NA,NA,NA,NA,NA,NA,NA,NA,NA,7,NA,NA,NA,NA,45,489,3,NA,NA,NA,NA,NA,NA,NA,NA
2505142,"Robert Royal","CLE","TE",NA,NA,NA,NA,NA,NA,NA,NA,NA,NA,NA,NA,NA,NA,NA,NA,NA,7,NA,NA,NA,NA,20,215,2,NA,NA,NA,NA,NA,NA,NA,NA
2505163,"J.T. OSullivan","CIN","QB",41,24,NA,NA,274,1,0,20,41,1,NA,NA,NA,NA,NA,NA,NA,7,NA,NA,NA,NA,NA,NA,NA,NA,NA,NA,NA,NA,NA,NA,NA
2505181,"Chester Taylor","MIN","RB",NA,NA,NA,NA,NA,NA,NA,85,415,5,NA,NA,NA,NA,NA,NA,NA,7,NA,NA,NA,NA,43,357,1,NA,NA,NA,NA,NA,NA,NA,NA
2505245,"Carson Palmer","CIN","QB",471,302,NA,NA,3440,21,11,18,25,0,NA,NA,NA,NA,NA,NA,NA,7,NA,NA,NA,NA,NA,NA,NA,NA,NA,NA,NA,NA,NA,NA,NA
2505279,"Greg Lewis","MIN","WR",NA,NA,NA,NA,NA,NA,NA,0,0,0,NA,NA,NA,NA,NA,NA,NA,7,NA,NA,NA,NA,24,321,1,NA,NA,NA,NA,NA,NA,NA,NA
2505299,"Antonio Gates","SD","TE",NA,NA,NA,NA,NA,NA,NA,NA,NA,NA,NA,NA,NA,NA,NA,NA,NA,7,NA,NA,NA,NA,71,855,8,NA,NA,NA,NA,NA,NA,NA,NA
2505342,"Jerheme Urban","ARI","WR",NA,NA,NA,NA,NA,NA,NA,0,0,0,NA,NA,NA,NA,NA,NA,NA,7,NA,NA,NA,NA,21,318,1,NA,NA,NA,NA,NA,NA,NA,NA
2505354,"Tony Romo","DAL","QB",500,315,NA,NA,3750,25,15,20,82,1,NA,NA,NA,NA,NA,NA,NA,7,NA,NA,NA,NA,NA,NA,NA,NA,NA,NA,NA,NA,NA,NA,NA
2505380,"Earnest Graham","TB","RB",NA,NA,NA,NA,NA,NA,NA,167,734,6,NA,NA,NA,NA,NA,NA,NA,7,NA,NA,NA,NA,30,235,1,NA,NA,NA,NA,NA,NA,NA,NA
2505381,"Will Heller","DET","TE",NA,NA,NA,NA,NA,NA,NA,NA,NA,NA,NA,NA,NA,NA,NA,NA,NA,7,NA,NA,NA,NA,23,245,1,NA,NA,NA,NA,NA,NA,NA,NA
2505451,"Donald Lee","GB","TE",NA,NA,NA,NA,NA,NA,NA,NA,NA,NA,NA,NA,NA,NA,NA,NA,NA,7,NA,NA,NA,NA,31,356,2,NA,NA,NA,NA,NA,NA,NA,NA
2505453,"Kevin Walter","HOU","WR",NA,NA,NA,NA,NA,NA,NA,0,0,0,NA,NA,NA,NA,NA,NA,NA,7,NA,NA,NA,NA,64,816,5,NA,NA,NA,NA,NA,NA,NA,NA
2505491,"Larry Johnson","KC","RB",NA,NA,NA,NA,NA,NA,NA,274,1096,8,NA,NA,NA,NA,NA,NA,NA,7,NA,NA,NA,NA,26,195,1,NA,NA,NA,NA,NA,NA,NA,NA
2505496,"Shaun McDonald","FA","WR",NA,NA,NA,NA,NA,NA,NA,0,0,0,NA,NA,NA,NA,NA,NA,NA,7,NA,NA,NA,NA,28,342,1,NA,NA,NA,NA,NA,NA,NA,NA
2505497,"Justin Gage","TEN","WR",NA,NA,NA,NA,NA,NA,NA,0,0,0,NA,NA,NA,NA,NA,NA,NA,7,NA,NA,NA,NA,55,729,4,NA,NA,NA,NA,NA,NA,NA,NA
2505511,"Nate Burleson","SEA","WR",NA,NA,NA,NA,NA,NA,NA,0,0,0,NA,NA,NA,NA,NA,NA,NA,7,NA,NA,NA,NA,38,545,3,NA,NA,NA,NA,NA,NA,NA,NA
2505513,"Kevin Curtis","PHI","WR",NA,NA,NA,NA,NA,NA,NA,0,0,0,NA,NA,NA,NA,NA,NA,NA,7,NA,NA,NA,NA,41,585,3,NA,NA,NA,NA,NA,NA,NA,NA
2505517,"Chris Simms","DEN","QB",51,30,NA,NA,342,2,1,4,13,0,NA,NA,NA,NA,NA,NA,NA,7,NA,NA,NA,NA,NA,NA,NA,NA,NA,NA,NA,NA,NA,NA,NA
2505551,"Andre Johnson","HOU","WR",NA,NA,NA,NA,NA,NA,NA,0,0,0,NA,NA,NA,NA,NA,NA,NA,7,NA,NA,NA,NA,97,1410,10,NA,NA,NA,NA,NA,NA,NA,NA
2505561,"Visanthe Shiancoe","MIN","TE",NA,NA,NA,NA,NA,NA,NA,NA,NA,NA,NA,NA,NA,NA,NA,NA,NA,7,NA,NA,NA,NA,57,615,4,NA,NA,NA,NA,NA,NA,NA,NA
2505562,"Seneca Wallace","SEA","QB",42,24,NA,NA,275,0,1,4,11,0,NA,NA,NA,NA,NA,NA,NA,7,NA,NA,NA,NA,NA,NA,NA,NA,NA,NA,NA,NA,NA,NA,NA
2505571,"Arnaz Battle","SF","WR",NA,NA,NA,NA,NA,NA,NA,0,0,0,NA,NA,NA,NA,NA,NA,NA,7,NA,NA,NA,NA,19,230,1,NA,NA,NA,NA,NA,NA,NA,NA
2505587,"Anquan Boldin","ARI","WR",NA,NA,NA,NA,NA,NA,NA,0,0,0,NA,NA,NA,NA,NA,NA,NA,7,NA,NA,NA,NA,71,982,8,NA,NA,NA,NA,NA,NA,NA,NA
2505595,"Chris Brown","HOU","RB",NA,NA,NA,NA,NA,NA,NA,84,346,2,NA,NA,NA,NA,NA,NA,NA,7,NA,NA,NA,NA,6,45,0,NA,NA,NA,NA,NA,NA,NA,NA
2505596,"Justin Fargas","OAK","RB",NA,NA,NA,NA,NA,NA,NA,67,315,3,NA,NA,NA,NA,NA,NA,NA,7,NA,NA,NA,NA,19,145,0,NA,NA,NA,NA,NA,NA,NA,NA
2505628,"L.J. Smith","BAL","TE",NA,NA,NA,NA,NA,NA,NA,NA,NA,NA,NA,NA,NA,NA,NA,NA,NA,7,NA,NA,NA,NA,27,295,1,NA,NA,NA,NA,NA,NA,NA,NA
2505629,"Jason Witten","DAL","TE",NA,NA,NA,NA,NA,NA,NA,NA,NA,NA,NA,NA,NA,NA,NA,NA,NA,7,NA,NA,NA,NA,75,876,6,NA,NA,NA,NA,NA,NA,NA,NA
2505646,"Bobby Wade","KC","WR",NA,NA,NA,NA,NA,NA,NA,0,0,0,NA,NA,NA,NA,NA,NA,NA,7,NA,NA,NA,NA,16,195,1,NA,NA,NA,NA,NA,NA,NA,NA
2505656,"Bryant Johnson","DET","WR",NA,NA,NA,NA,NA,NA,NA,0,0,0,NA,NA,NA,NA,NA,NA,NA,7,NA,NA,NA,NA,35,525,4,NA,NA,NA,NA,NA,NA,NA,NA
2505663,"Kyle Boller","STL","QB",103,62,NA,NA,656,5,6,1,4,0,NA,NA,NA,NA,NA,NA,NA,7,NA,NA,NA,NA,NA,NA,NA,NA,NA,NA,NA,NA,NA,NA,NA
2505664,"Dallas Clark","IND","TE",NA,NA,NA,NA,NA,NA,NA,NA,NA,NA,NA,NA,NA,NA,NA,NA,NA,7,NA,NA,NA,NA,68,752,6,NA,NA,NA,NA,NA,NA,NA,NA
2505670,"Kelley Washington","BAL","WR",NA,NA,NA,NA,NA,NA,NA,0,0,0,NA,NA,NA,NA,NA,NA,NA,7,NA,NA,NA,NA,24,300,1,NA,NA,NA,NA,NA,NA,NA,NA
2505673,"Byron Leftwich","TB","QB",351,221,NA,NA,2671,15,6,16,45,0,NA,NA,NA,NA,NA,NA,NA,7,NA,NA,NA,NA,NA,NA,NA,NA,NA,NA,NA,NA,NA,NA,NA
2505674,"Willis McGahee","BAL","RB",NA,NA,NA,NA,NA,NA,NA,96,405,4,NA,NA,NA,NA,NA,NA,NA,7,NA,NA,NA,NA,20,120,1,NA,NA,NA,NA,NA,NA,NA,NA
2505690,"Mewelde Moore","PIT","RB",NA,NA,NA,NA,NA,NA,NA,57,245,1,NA,NA,NA,NA,NA,NA,NA,7,NA,NA,NA,NA,34,246,1,NA,NA,NA,NA,NA,NA,NA,NA
2505709,"Willie Parker","PIT","RB",NA,NA,NA,NA,NA,NA,NA,243,1045,5,NA,NA,NA,NA,NA,NA,NA,7,NA,NA,NA,NA,14,101,0,NA,NA,NA,NA,NA,NA,NA,NA
2505724,"Jason Wright","ARI","RB",NA,NA,NA,NA,NA,NA,NA,17,78,0,NA,NA,NA,NA,NA,NA,NA,7,NA,NA,NA,NA,16,115,1,NA,NA,NA,NA,NA,NA,NA,NA
2505785,"Malcom Floyd","SD","WR",NA,NA,NA,NA,NA,NA,NA,0,0,0,NA,NA,NA,NA,NA,NA,NA,7,NA,NA,NA,NA,18,257,1,NA,NA,NA,NA,NA,NA,NA,NA
2505790,"Wes Welker","NE","WR",NA,NA,NA,NA,NA,NA,NA,0,0,0,NA,NA,NA,NA,NA,NA,NA,7,NA,NA,NA,NA,96,1094,6,NA,NA,NA,NA,NA,NA,NA,NA
2505925,"Michael Clayton","TB","WR",NA,NA,NA,NA,NA,NA,NA,0,0,0,NA,NA,NA,NA,NA,NA,NA,7,NA,NA,NA,NA,41,555,2,NA,NA,NA,NA,NA,NA,NA,NA
2505936,"Steven Jackson","STL","RB",NA,NA,NA,NA,NA,NA,NA,295,1240,8,NA,NA,NA,NA,NA,NA,NA,7,NA,NA,NA,NA,50,420,2,NA,NA,NA,NA,NA,NA,NA,NA
2505938,"Chris Cooley","WAS","TE",NA,NA,NA,NA,NA,NA,NA,NA,NA,NA,NA,NA,NA,NA,NA,NA,NA,7,NA,NA,NA,NA,61,720,6,NA,NA,NA,NA,NA,NA,NA,NA
2505944,"Jim Sorgi","IND","QB",24,15,NA,NA,180,1,1,0,2,0,NA,NA,NA,NA,NA,NA,NA,7,NA,NA,NA,NA,NA,NA,NA,NA,NA,NA,NA,NA,NA,NA,NA
2505964,"Patrick Crayton","DAL","WR",NA,NA,NA,NA,NA,NA,NA,0,0,0,NA,NA,NA,NA,NA,NA,NA,7,NA,NA,NA,NA,45,611,4,NA,NA,NA,NA,NA,NA,NA,NA
2505967,"Derrick Ward","TB","RB",NA,NA,NA,NA,NA,NA,NA,201,905,6,NA,NA,NA,NA,NA,NA,NA,7,NA,NA,NA,NA,33,265,1,NA,NA,NA,NA,NA,NA,NA,NA
2505976,"Michael Jenkins","ATL","WR",NA,NA,NA,NA,NA,NA,NA,0,0,0,NA,NA,NA,NA,NA,NA,NA,7,NA,NA,NA,NA,49,627,2,NA,NA,NA,NA,NA,NA,NA,NA
2505982,"Matt Schaub","HOU","QB",492,310,NA,NA,3739,22,14,23,88,1,NA,NA,NA,NA,NA,NA,NA,7,NA,NA,NA,NA,NA,NA,NA,NA,NA,NA,NA,NA,NA,NA,NA
2505991,"Mike Karney","STL","RB",NA,NA,NA,NA,NA,NA,NA,7,25,0,NA,NA,NA,NA,NA,NA,NA,7,NA,NA,NA,NA,10,62,0,NA,NA,NA,NA,NA,NA,NA,NA
2505996,"Eli Manning","NYG","QB",488,288,NA,NA,3320,21,12,17,38,1,NA,NA,NA,NA,NA,NA,NA,7,NA,NA,NA,NA,NA,NA,NA,NA,NA,NA,NA,NA,NA,NA,NA
2506000,"Bernard Berrian","MIN","WR",NA,NA,NA,NA,NA,NA,NA,0,0,0,NA,NA,NA,NA,NA,NA,NA,7,NA,NA,NA,NA,63,936,6,NA,NA,NA,NA,NA,NA,NA,NA
2506004,"Jerricho Cotchery","NYJ","WR",NA,NA,NA,NA,NA,NA,NA,0,0,0,NA,NA,NA,NA,NA,NA,NA,7,NA,NA,NA,NA,69,958,6,NA,NA,NA,NA,NA,NA,NA,NA
2506010,"Sean Ryan","KC","TE",NA,NA,NA,NA,NA,NA,NA,NA,NA,NA,NA,NA,NA,NA,NA,NA,NA,7,NA,NA,NA,NA,25,256,2,NA,NA,NA,NA,NA,NA,NA,NA
2506014,"Michael Turner","ATL","RB",NA,NA,NA,NA,NA,NA,NA,346,1455,14,NA,NA,NA,NA,NA,NA,NA,7,NA,NA,NA,NA,14,82,0,NA,NA,NA,NA,NA,NA,NA,NA
2506030,"Julius Jones","SEA","RB",NA,NA,NA,NA,NA,NA,NA,229,895,5,NA,NA,NA,NA,NA,NA,NA,7,NA,NA,NA,NA,29,212,1,NA,NA,NA,NA,NA,NA,NA,NA
2506053,"Luke McCown","JAC","QB",28,17,NA,NA,192,1,5,2,4,0,NA,NA,NA,NA,NA,NA,NA,7,NA,NA,NA,NA,NA,NA,NA,NA,NA,NA,NA,NA,NA,NA,NA
2506085,"Greg Jones","JAC","RB",NA,NA,NA,NA,NA,NA,NA,27,112,1,NA,NA,NA,NA,NA,NA,NA,7,NA,NA,NA,NA,8,45,0,NA,NA,NA,NA,NA,NA,NA,NA
2506097,"Lee Evans","BUF","WR",NA,NA,NA,NA,NA,NA,NA,0,0,0,NA,NA,NA,NA,NA,NA,NA,7,NA,NA,NA,NA,58,845,5,NA,NA,NA,NA,NA,NA,NA,NA
2506106,"Larry Fitzgerald","ARI","WR",NA,NA,NA,NA,NA,NA,NA,0,0,0,NA,NA,NA,NA,NA,NA,NA,7,NA,NA,NA,NA,101,1378,11,NA,NA,NA,NA,NA,NA,NA,NA
2506107,"Kellen Winslow","TB","TE",NA,NA,NA,NA,NA,NA,NA,NA,NA,NA,NA,NA,NA,NA,NA,NA,NA,7,NA,NA,NA,NA,59,676,5,NA,NA,NA,NA,NA,NA,NA,NA
2506109,"Ben Roethlisberger","PIT","QB",431,271,NA,NA,3274,21,16,38,110,2,NA,NA,NA,NA,NA,NA,NA,7,NA,NA,NA,NA,NA,NA,NA,NA,NA,NA,NA,NA,NA,NA,NA
2506114,"Devery Henderson","NO","WR",NA,NA,NA,NA,NA,NA,NA,0,0,0,NA,NA,NA,NA,NA,NA,NA,7,NA,NA,NA,NA,20,334,2,NA,NA,NA,NA,NA,NA,NA,NA
2506121,"Philip Rivers","SD","QB",545,333,NA,NA,3872,26,9,31,43,0,NA,NA,NA,NA,NA,NA,NA,7,NA,NA,NA,NA,NA,NA,NA,NA,NA,NA,NA,NA,NA,NA,NA
2506122,"Benjamin Watson","NE","TE",NA,NA,NA,NA,NA,NA,NA,NA,NA,NA,NA,NA,NA,NA,NA,NA,NA,7,NA,NA,NA,NA,21,213,2,NA,NA,NA,NA,NA,NA,NA,NA
2506140,"Ryan Grant","GB","RB",NA,NA,NA,NA,NA,NA,NA,282,1185,9,NA,NA,NA,NA,NA,NA,NA,7,NA,NA,NA,NA,42,275,1,NA,NA,NA,NA,NA,NA,NA,NA
2506179,"Leonard Weaver","PHI","RB",NA,NA,NA,NA,NA,NA,NA,46,165,2,NA,NA,NA,NA,NA,NA,NA,7,NA,NA,NA,NA,13,95,0,NA,NA,NA,NA,NA,NA,NA,NA
2506185,"Samkon Gado","STL","RB",NA,NA,NA,NA,NA,NA,NA,49,229,1,NA,NA,NA,NA,NA,NA,NA,7,NA,NA,NA,NA,3,20,0,NA,NA,NA,NA,NA,NA,NA,NA
2506222,"Josh Cribbs","CLE","WR",NA,NA,NA,NA,NA,NA,NA,0,0,0,NA,NA,NA,NA,NA,NA,NA,7,NA,NA,NA,NA,29,429,1,NA,NA,NA,NA,NA,NA,NA,NA
2506287,"Lance Moore","NO","WR",NA,NA,NA,NA,NA,NA,NA,0,0,0,NA,NA,NA,NA,NA,NA,NA,7,NA,NA,NA,NA,71,845,6,NA,NA,NA,NA,NA,NA,NA,NA
2506313,"Nate Washington","TEN","WR",NA,NA,NA,NA,NA,NA,NA,0,0,0,NA,NA,NA,NA,NA,NA,NA,7,NA,NA,NA,NA,42,562,3,NA,NA,NA,NA,NA,NA,NA,NA
2506331,"Greg Camarillo","MIA","WR",NA,NA,NA,NA,NA,NA,NA,0,0,0,NA,NA,NA,NA,NA,NA,NA,7,NA,NA,NA,NA,45,566,3,NA,NA,NA,NA,NA,NA,NA,NA
2506336,"Rashied Davis","CHI","WR",NA,NA,NA,NA,NA,NA,NA,0,0,0,NA,NA,NA,NA,NA,NA,NA,7,NA,NA,NA,NA,15,185,1,NA,NA,NA,NA,NA,NA,NA,NA
2506340,"Alex Smith","SF","QB",83,48,NA,NA,515,3,4,4,15,0,NA,NA,NA,NA,NA,NA,NA,7,NA,NA,NA,NA,NA,NA,NA,NA,NA,NA,NA,NA,NA,NA,NA
2506341,"Ronnie Brown","MIA","RB",NA,NA,NA,NA,NA,NA,NA,230,1011,8,NA,NA,NA,NA,NA,NA,NA,7,NA,NA,NA,NA,38,305,2,NA,NA,NA,NA,NA,NA,NA,NA
2506342,"Braylon Edwards","CLE","WR",NA,NA,NA,NA,NA,NA,NA,0,0,0,NA,NA,NA,NA,NA,NA,NA,7,NA,NA,NA,NA,72,1011,7,NA,NA,NA,NA,NA,NA,NA,NA
2506343,"Cedric Benson","CIN","RB",NA,NA,NA,NA,NA,NA,NA,228,912,5,NA,NA,NA,NA,NA,NA,NA,7,NA,NA,NA,NA,34,213,0,NA,NA,NA,NA,NA,NA,NA,NA
2506361,"Mark Clayton","BAL","WR",NA,NA,NA,NA,NA,NA,NA,0,0,0,NA,NA,NA,NA,NA,NA,NA,7,NA,NA,NA,NA,42,514,3,NA,NA,NA,NA,NA,NA,NA,NA
2506363,"Aaron Rodgers","GB","QB",554,338,NA,NA,3879,26,16,19,77,1,NA,NA,NA,NA,NA,NA,NA,7,NA,NA,NA,NA,NA,NA,NA,NA,NA,NA,NA,NA,NA,NA,NA
2506364,"Jason Campbell","WAS","QB",457,270,NA,NA,3109,16,11,55,254,1,NA,NA,NA,NA,NA,NA,NA,7,NA,NA,NA,NA,NA,NA,NA,NA,NA,NA,NA,NA,NA,NA,NA
2506366,"Roddy White","ATL","WR",NA,NA,NA,NA,NA,NA,NA,0,0,0,NA,NA,NA,NA,NA,NA,NA,7,NA,NA,NA,NA,84,1162,8,NA,NA,NA,NA,NA,NA,NA,NA
2506369,"Heath Miller","PIT","TE",NA,NA,NA,NA,NA,NA,NA,NA,NA,NA,NA,NA,NA,NA,NA,NA,NA,7,NA,NA,NA,NA,49,559,5,NA,NA,NA,NA,NA,NA,NA,NA
2506374,"Reggie Brown","PHI","WR",NA,NA,NA,NA,NA,NA,NA,0,0,0,NA,NA,NA,NA,NA,NA,NA,7,NA,NA,NA,NA,13,171,0,NA,NA,NA,NA,NA,NA,NA,NA
2506378,"Mark Bradley","KC","WR",NA,NA,NA,NA,NA,NA,NA,0,0,0,NA,NA,NA,NA,NA,NA,NA,7,NA,NA,NA,NA,42,475,3,NA,NA,NA,NA,NA,NA,NA,NA
2506394,"Roscoe Parrish","BUF","WR",NA,NA,NA,NA,NA,NA,NA,0,0,0,NA,NA,NA,NA,NA,NA,NA,7,NA,NA,NA,NA,9,114,0,NA,NA,NA,NA,NA,NA,NA,NA
2506400,"Vincent Jackson","SD","WR",NA,NA,NA,NA,NA,NA,NA,0,0,0,NA,NA,NA,NA,NA,NA,NA,7,NA,NA,NA,NA,72,1010,7,NA,NA,NA,NA,NA,NA,NA,NA
2506404,"Frank Gore","SF","RB",NA,NA,NA,NA,NA,NA,NA,284,1248,8,NA,NA,NA,NA,NA,NA,NA,7,NA,NA,NA,NA,51,426,2,NA,NA,NA,NA,NA,NA,NA,NA
2506422,"Chris Henry","CIN","WR",NA,NA,NA,NA,NA,NA,NA,0,0,0,NA,NA,NA,NA,NA,NA,NA,7,NA,NA,NA,NA,45,685,5,NA,NA,NA,NA,NA,NA,NA,NA
2506444,"Kyle Orton","DEN","QB",505,298,NA,NA,3235,18,10,14,40,0,NA,NA,NA,NA,NA,NA,NA,7,NA,NA,NA,NA,NA,NA,NA,NA,NA,NA,NA,NA,NA,NA,NA
2506447,"Marion Barber","DAL","RB",NA,NA,NA,NA,NA,NA,NA,223,1025,10,NA,NA,NA,NA,NA,NA,NA,7,NA,NA,NA,NA,58,414,2,NA,NA,NA,NA,NA,NA,NA,NA
2506448,"Brandon Jacobs","NYG","RB",NA,NA,NA,NA,NA,NA,NA,234,1125,12,NA,NA,NA,NA,NA,NA,NA,7,NA,NA,NA,NA,24,175,1,NA,NA,NA,NA,NA,NA,NA,NA
2506467,"Darren Sproles","SD","RB",NA,NA,NA,NA,NA,NA,NA,116,555,3,NA,NA,NA,NA,NA,NA,NA,7,NA,NA,NA,NA,47,313,1,NA,NA,NA,NA,NA,NA,NA,NA
2506481,"Dan Orlovsky","HOU","QB",47,28,NA,NA,315,1,2,3,9,0,NA,NA,NA,NA,NA,NA,NA,7,NA,NA,NA,NA,NA,NA,NA,NA,NA,NA,NA,NA,NA,NA,NA
2506514,"Bo Scaife","TEN","TE",NA,NA,NA,NA,NA,NA,NA,NA,NA,NA,NA,NA,NA,NA,NA,NA,NA,7,NA,NA,NA,NA,60,643,4,NA,NA,NA,NA,NA,NA,NA,NA
2506546,"Derek Anderson","CLE","QB",77,46,NA,NA,536,3,2,9,23,0,NA,NA,NA,NA,NA,NA,NA,7,NA,NA,NA,NA,NA,NA,NA,NA,NA,NA,NA,NA,NA,NA,NA
2506562,"Matt Cassel","KC","QB",491,290,NA,NA,3145,17,14,40,165,1,NA,NA,NA,NA,NA,NA,NA,7,NA,NA,NA,NA,NA,NA,NA,NA,NA,NA,NA,NA,NA,NA,NA
2506581,"Ryan Fitzpatrick","BUF","QB",35,21,NA,NA,226,1,1,5,11,0,NA,NA,NA,NA,NA,NA,NA,7,NA,NA,NA,NA,NA,NA,NA,NA,NA,NA,NA,NA,NA,NA,NA
2506630,"Naufahu Tahi","MIN","RB",NA,NA,NA,NA,NA,NA,NA,10,30,0,NA,NA,NA,NA,NA,NA,NA,7,NA,NA,NA,NA,11,70,0,NA,NA,NA,NA,NA,NA,NA,NA
2506737,"Sam Hurd","DAL","WR",NA,NA,NA,NA,NA,NA,NA,0,0,0,NA,NA,NA,NA,NA,NA,NA,7,NA,NA,NA,NA,13,205,0,NA,NA,NA,NA,NA,NA,NA,NA
2506767,"Mike Bell","NO","RB",NA,NA,NA,NA,NA,NA,NA,49,214,1,NA,NA,NA,NA,NA,NA,NA,7,NA,NA,NA,NA,4,32,0,NA,NA,NA,NA,NA,NA,NA,NA
2506857,"Patrick Cobbs","MIA","RB",NA,NA,NA,NA,NA,NA,NA,22,89,0,NA,NA,NA,NA,NA,NA,NA,7,NA,NA,NA,NA,23,175,0,NA,NA,NA,NA,NA,NA,NA,NA
2506871,"Fred Jackson","BUF","RB",NA,NA,NA,NA,NA,NA,NA,143,642,5,NA,NA,NA,NA,NA,NA,NA,7,NA,NA,NA,NA,33,242,1,NA,NA,NA,NA,NA,NA,NA,NA
2506874,"Reggie Bush","NO","RB",NA,NA,NA,NA,NA,NA,NA,139,555,4,NA,NA,NA,NA,NA,NA,NA,7,NA,NA,NA,NA,74,607,4,NA,NA,NA,NA,NA,NA,NA,NA
2506875,"Vince Young","TEN","QB",65,40,NA,NA,441,2,2,0,0,0,NA,NA,NA,NA,NA,NA,NA,7,NA,NA,NA,NA,NA,NA,NA,NA,NA,NA,NA,NA,NA,NA,NA
2506878,"Matt Leinart","ARI","QB",77,46,NA,NA,545,2,1,4,16,0,NA,NA,NA,NA,NA,NA,NA,7,NA,NA,NA,NA,NA,NA,NA,NA,NA,NA,NA,NA,NA,NA,NA
2506884,"Laurence Maroney","NE","RB",NA,NA,NA,NA,NA,NA,NA,86,395,2,NA,NA,NA,NA,NA,NA,NA,7,NA,NA,NA,NA,4,35,0,NA,NA,NA,NA,NA,NA,NA,NA
2506885,"Santonio Holmes","PIT","WR",NA,NA,NA,NA,NA,NA,NA,0,0,0,NA,NA,NA,NA,NA,NA,NA,7,NA,NA,NA,NA,66,979,7,NA,NA,NA,NA,NA,NA,NA,NA
2506894,"LenDale White","TEN","RB",NA,NA,NA,NA,NA,NA,NA,163,685,10,NA,NA,NA,NA,NA,NA,NA,7,NA,NA,NA,NA,4,25,0,NA,NA,NA,NA,NA,NA,NA,NA
2506895,"Kellen Clemens","NYJ","QB",86,49,NA,NA,556,2,4,4,14,0,NA,NA,NA,NA,NA,NA,NA,7,NA,NA,NA,NA,NA,NA,NA,NA,NA,NA,NA,NA,NA,NA,NA
2506897,"Devin Hester","CHI","WR",NA,NA,NA,NA,NA,NA,NA,0,0,0,NA,NA,NA,NA,NA,NA,NA,7,NA,NA,NA,NA,56,820,4,NA,NA,NA,NA,NA,NA,NA,NA
2506914,"Michael Robinson","SF","RB",NA,NA,NA,NA,NA,NA,NA,19,78,0,NA,NA,NA,NA,NA,NA,NA,7,NA,NA,NA,NA,2,14,0,NA,NA,NA,NA,NA,NA,NA,NA
2506928,"Domenik Hixon","NYG","WR",NA,NA,NA,NA,NA,NA,NA,0,0,0,NA,NA,NA,NA,NA,NA,NA,7,NA,NA,NA,NA,80,962,7,NA,NA,NA,NA,NA,NA,NA,NA
2507141,"Pierre Thomas","NO","RB",NA,NA,NA,NA,NA,NA,NA,233,887,9,NA,NA,NA,NA,NA,NA,NA,7,NA,NA,NA,NA,44,299,1,NA,NA,NA,NA,NA,NA,NA,NA
2507161,"JaMarcus Russell","OAK","QB",439,259,NA,NA,2853,13,10,36,142,1,NA,NA,NA,NA,NA,NA,NA,7,NA,NA,NA,NA,NA,NA,NA,NA,NA,NA,NA,NA,NA,NA,NA
2507164,"Adrian Peterson","MIN","RB",NA,NA,NA,NA,NA,NA,NA,178.5,885.5,7,NA,NA,NA,NA,NA,NA,NA,7,NA,NA,NA,NA,15.5,143.5,1,NA,NA,NA,NA,NA,NA,NA,NA
2507166,"Ted Ginn","MIA","WR",NA,NA,NA,NA,NA,NA,NA,0,0,0,NA,NA,NA,NA,NA,NA,NA,7,NA,NA,NA,NA,55,815,4,NA,NA,NA,NA,NA,NA,NA,NA
2507169,"Kevin Kolb","PHI","QB",29,17,NA,NA,195,1,3,3,6,0,NA,NA,NA,NA,NA,NA,NA,7,NA,NA,NA,NA,NA,NA,NA,NA,NA,NA,NA,NA,NA,NA,NA
2507172,"Dwayne Jarrett","CAR","WR",NA,NA,NA,NA,NA,NA,NA,0,0,0,NA,NA,NA,NA,NA,NA,NA,7,NA,NA,NA,NA,27,333,1,NA,NA,NA,NA,NA,NA,NA,NA
2507179,"Brandon Jackson","GB","RB",NA,NA,NA,NA,NA,NA,NA,78,311,1,NA,NA,NA,NA,NA,NA,NA,7,NA,NA,NA,NA,27,192,1,NA,NA,NA,NA,NA,NA,NA,NA
2507183,"James Jones","GB","WR",NA,NA,NA,NA,NA,NA,NA,0,0,0,NA,NA,NA,NA,NA,NA,NA,7,NA,NA,NA,NA,26,356,2,NA,NA,NA,NA,NA,NA,NA,NA
2507184,"Mike Sims-Walker","JAC","WR",NA,NA,NA,NA,NA,NA,NA,0,0,0,NA,NA,NA,NA,NA,NA,NA,7,NA,NA,NA,NA,24,345,2,NA,NA,NA,NA,NA,NA,NA,NA
2507189,"Trent Edwards","BUF","QB",489,298,NA,NA,3275,18,11,34,131,2,NA,NA,NA,NA,NA,NA,NA,7,NA,NA,NA,NA,NA,NA,NA,NA,NA,NA,NA,NA,NA,NA,NA
2507192,"Michael Bush","OAK","RB",NA,NA,NA,NA,NA,NA,NA,130,495,2,NA,NA,NA,NA,NA,NA,NA,7,NA,NA,NA,NA,14,96,0,NA,NA,NA,NA,NA,NA,NA,NA
2507209,"LeRon McClain","BAL","RB",NA,NA,NA,NA,NA,NA,NA,51,246,5,NA,NA,NA,NA,NA,NA,NA,7,NA,NA,NA,NA,19,124,0,NA,NA,NA,NA,NA,NA,NA,NA
2507218,"Brent Celek","PHI","TE",NA,NA,NA,NA,NA,NA,NA,NA,NA,NA,NA,NA,NA,NA,NA,NA,NA,7,NA,NA,NA,NA,58,612,5,NA,NA,NA,NA,NA,NA,NA,NA
2507222,"Troy Smith","BAL","QB",23,14,NA,NA,151,0,1,1,4,0,NA,NA,NA,NA,NA,NA,NA,7,NA,NA,NA,NA,NA,NA,NA,NA,NA,NA,NA,NA,NA,NA,NA
2507385,"Caleb Hanie","CHI","QB",62,35,NA,NA,417,1,0,2,5,0,NA,NA,NA,NA,NA,NA,NA,7,NA,NA,NA,NA,NA,NA,NA,NA,NA,NA,NA,NA,NA,NA,NA
2507476,"Kevin Smith","DET","RB",NA,NA,NA,NA,NA,NA,NA,237,1020,8,NA,NA,NA,NA,NA,NA,NA,7,NA,NA,NA,NA,44,313,1,NA,NA,NA,NA,NA,NA,NA,NA
2507482,"Kenneth Moore","CAR","WR",NA,NA,NA,NA,NA,NA,NA,0,0,0,NA,NA,NA,NA,NA,NA,NA,7,NA,NA,NA,NA,16,205,1,NA,NA,NA,NA,NA,NA,NA,NA
2507779,"Donald Brown","IND","RB",NA,NA,NA,NA,NA,NA,NA,153,656,5,NA,NA,NA,NA,NA,NA,NA,7,NA,NA,NA,NA,28,195,1,NA,NA,NA,NA,NA,NA,NA,NA
2507796,"James Davis","CLE","RB",NA,NA,NA,NA,NA,NA,NA,95,372,2,NA,NA,NA,NA,NA,NA,NA,7,NA,NA,NA,NA,17,99,0,NA,NA,NA,NA,NA,NA,NA,NA
